test1,123,mail1,1
test2,456,mail2,2
Belal,belal2002,belsabbagh@gmail.com,3
sk,1012,mina@mail,4
stark,3000,avengers@mail,5
Hilary_Hahn,4040,violincase@mail.com,6
Brett_Yang,lingling,bretty.viola@mail.com,7
Eddy_Chen,amazing,edwina.kachikawawa@mail.com,8
Juice_WRLD,2020,rap@mail.com,9
Julia_Fischer,violinandpiano,jojo@dvorak.com,10
Janine,1234,prokofiev@soviet.com,11
Christopher_Nolan,crash747,timebender@mail.com,12
Cooper,31415,murph@nasa.com,13
Robert_Langdon,503,inferno@harvard.edu,14
Tchaikovsky,1812,pathetic@mail.com,15
J.S.Bach,565,master@counterpoint.com,16
Gustav_Mahler,1900,symph@mail.com,17
Maurice_Ravel,12345,bolero@tzigane.com,18
Beethoven,1824,deaf@mail.com,19
test15,55555,mail15,20
Lady_Dimitrescu,88888888,residentevil@mail.com,21
Rachel_Hofstetter,100,100thieves@mail.com,22
